﻿<?xml version="1.0" encoding="utf-8"?>
<component format="1" id="zxing.net.mobile">
  <name>ZXing.Net.Mobile</name>
  <publisher>Redth</publisher>
  <publisher-url>https://github.com/Redth/ZXing.Net.Mobile</publisher-url>
  <version>1.4.4</version>
  <summary>ZXing.Net.Mobile is a C#/.NET Barcode Scanning Library</summary>
  <samples>
    <sample id="Sample.WindowsPhone8">
      <name>How to implement Barcode Scanning in a Windows Phone 8 Application</name>
      <summary>How to implement Barcode Scanning in a Windows Phone 8 Application</summary>
    </sample>
    <sample id="Sample.iOS">
      <name>How to implement Barcode Scanning in a Xamarin.iOS application</name>
      <summary>How to implement Barcode Scanning in a Xamarin.iOS application</summary>
    </sample>
    <sample id="Sample.Android">
      <name>How to implement Barcode Scanning in a Xamarin.Android application</name>
      <summary>How to implement Barcode Scanning in a Xamarin.Android application</summary>
    </sample>
  </samples>
</component>